ProductName,Price,Shipping
Apple iPhone X | 64GB 256GB | Unlocked Verizon AT&T T-Mobile Sprint | CDMA/GSM,$314.98 to $439.98,$31.43
Apple iPhone X Smartphone 64GB 256GB AT&T Sprint T-Mobile Verizon or Unlocked,$269.00 to $349.00,$28.73
Apple iPhone X (iPhone 10) 64GB 256GB All Colours Unlocked SIM Free Smartphone,$389.58 to $445.23,$52.29
Apple iPhone X - 64GB 256GB - Smartphone - Unlocked - All Grades - All Colours,$208.64 to $431.26,$52.62
Apple iPhone X 64GB/256GB (iPhone 10) - Unlocked - Space Grey Silver - ABC,$258.24 to $432.89,$52.53
Apple iPhone X - 64GB - Space Grey (Unlocked) A1901 (GSM),$166.97,$56.92
Apple iPhone X - 64GB - Space Gray (Unlocked) A1901 (GSM)  EXCELLENT CONDITION,$295.00,$27.35
Apple iPhone X - 256GB - Space Grey (Unlocked),$354.81,$55.66
Apple iPhone X - 64GB - Silver (Unlocked) A1865 (CDMA + GSM) (AU Stock),$243.31,$25.55
APPLE iPHONE X 64GB WITH ORIGINAL BOX FULL WORKING ORDER AND UNLOCKED,$119.66,$65.74
Apple iPhone X - 64GB - Space Gray (Unlocked) A1865 (CDMA + GSM),$275.00,$37.85
Apple iPhone X 64GB Unlocked Smartphone - Silver,$598.30,$20.30
Apple iPhone X XR XS XS MAX Smartphone - 64GB 256GB 512GB - All Colour & Grades,$417.41 to $485.46,$53.12
Apple iPhone X - 64gb - Space Grey - Unlocked - Excellent Condition,$389.52,$52.62
NEW Apple iPhone X A1865 A1901 64GB 256GB AT&T T-Mobile Sprint Verizon Unlocked ,$339.00 to $349.00,$30.26
Apple iPhone X 256GB Space Gray Unlocked Good Condition,$341.99,$28.25
Apple iPhone X - 64GB 256GB Space Grey Silver - Unlocked SIM Free Smartphone,$417.41 to $445.23,$53.30
iPhone X| Space Gray| 256GB| Unlocked,$224.02,$57.63
Apple iPhone X - 64GB - Silver (Unlocked) A1865 (CDMA + GSM) (AU Stock),$319.35,$38.02
iPhone X 256gb unlocked (note - Slight issue with secondary camera lens),$215.67,$65.01
Apple iPhone X 64GB 256GB Unlocked Smartphone All Networks All Colours A1901,$264.35,$50.01
Apple iPhone X - 256GB - Space Gray (Cricket) A1901 (GSM),$199.00,$37.50
Apple iPhone X 64GB / 256GB - Unlocked/ Verizon/ AT&T/ T-Mobile/ Sprint,$293.99 to $393.99,$29.52
Apple iPhone X / XR / XS / XS max 64GB 128GB 256GB - Unlocked sim free GRADED,$347.85 to $486.99,$69.57
Apple iPhone X 64GB Silver O2 Network Fully Working - Grade A,$166.97,$48.24
Apple iPhone X - Silver / Black  (Carrier Unlocked) - NO FACE ID -  64GB / 256GB,$234.99 to $259.99,$28.37
